,precision,recall,f1-score,support
non-clickbait,0.8743223262690981,0.9083461341525858,0.8910095429432445,1953.0
clickbait,0.8874921433060968,0.8470305938812237,0.8667894413750766,1667.0
accuracy,0.8801104972375691,0.8801104972375691,0.8801104972375691,0.8801104972375691
macro avg,0.8809072347875975,0.8776883640169048,0.8788994921591606,3620.0
weighted avg,0.880386990633926,0.8801104972375691,0.8798562530774611,3620.0
