{
  "task": "bug3",
  "models": [
    "G5",
    "G7"
  ],
  "n_steps": 50,
  "bug3": {
    "G5": {
      "proba": 0.9845,
      "convergence_delta": 0.65332,
      "title_words": [
        "倫敦",
        "女子",
        "騎",
        "腳",
        "踏",
        "車",
        "不",
        "慎",
        "擦",
        "撞",
        "麥",
        "拉",
        "倫",
        "超",
        "跑",
        "塑膠",
        "踏",
        "板",
        "竟",
        "當",
        "場",
        "刺",
        "穿",
        "碳",
        "纖維",
        "車",
        "殼"
      ],
      "scores": [
        0.007,
        0.3128,
        0.1725,
        -0.0838,
        -0.1817,
        -0.0511,
        0.0959,
        0.0395,
        0.1703,
        0.1521,
        -0.0585,
        -0.0417,
        -0.0245,
        0.2092,
        0.0389,
        0.0332,
        0.071,
        0.0615,
        0.3797,
        0.032,
        0.031,
        0.0009,
        -0.0198,
        -0.0078,
        0.0041,
        -0.5836,
        0.1314
      ]
    },
    "G7": {
      "proba": 0.998,
      "convergence_delta": -0.09836,
      "title_words": [
        "倫敦",
        "女子",
        "騎",
        "腳",
        "踏",
        "車",
        "不",
        "慎",
        "擦",
        "撞",
        "麥",
        "拉",
        "倫",
        "超",
        "跑",
        "塑膠",
        "踏",
        "板",
        "竟",
        "當",
        "場",
        "刺",
        "穿",
        "碳",
        "纖維",
        "車",
        "殼"
      ],
      "scores": [
        -0.0098,
        -0.2836,
        -0.0626,
        0.079,
        0.0318,
        0.0975,
        0.1331,
        0.0241,
        -0.0421,
        0.0338,
        -0.0211,
        0.0136,
        -0.1033,
        -0.0036,
        -0.0039,
        0.0072,
        0.0609,
        -0.0558,
        0.8231,
        0.0492,
        0.0145,
        0.1276,
        0.0062,
        0.058,
        0.0262,
        -0.0552,
        0.0536
      ]
    }
  }
}