{
  "task": "all",
  "models": [
    "G5",
    "G7",
    "G8",
    "G9"
  ],
  "n_steps": 50,
  "bug3": {
    "G5": {
      "proba": 0.9845,
      "convergence_delta": 0.65332,
      "title_words": [
        "倫敦",
        "女子",
        "騎",
        "腳",
        "踏",
        "車",
        "不",
        "慎",
        "擦",
        "撞",
        "麥",
        "拉",
        "倫",
        "超",
        "跑",
        "塑膠",
        "踏",
        "板",
        "竟",
        "當",
        "場",
        "刺",
        "穿",
        "碳",
        "纖維",
        "車",
        "殼"
      ],
      "scores": [
        0.007,
        0.3128,
        0.1725,
        -0.0838,
        -0.1817,
        -0.0511,
        0.0959,
        0.0395,
        0.1703,
        0.1521,
        -0.0585,
        -0.0417,
        -0.0245,
        0.2092,
        0.0389,
        0.0332,
        0.071,
        0.0615,
        0.3797,
        0.032,
        0.031,
        0.0009,
        -0.0198,
        -0.0078,
        0.0041,
        -0.5836,
        0.1314
      ]
    },
    "G7": {
      "proba": 0.998,
      "convergence_delta": -0.09836,
      "title_words": [
        "倫敦",
        "女子",
        "騎",
        "腳",
        "踏",
        "車",
        "不",
        "慎",
        "擦",
        "撞",
        "麥",
        "拉",
        "倫",
        "超",
        "跑",
        "塑膠",
        "踏",
        "板",
        "竟",
        "當",
        "場",
        "刺",
        "穿",
        "碳",
        "纖維",
        "車",
        "殼"
      ],
      "scores": [
        -0.0098,
        -0.2836,
        -0.0626,
        0.079,
        0.0318,
        0.0975,
        0.1331,
        0.0241,
        -0.0421,
        0.0338,
        -0.0211,
        0.0136,
        -0.1033,
        -0.0036,
        -0.0039,
        0.0072,
        0.0609,
        -0.0558,
        0.8231,
        0.0492,
        0.0145,
        0.1276,
        0.0062,
        0.058,
        0.0262,
        -0.0552,
        0.0536
      ]
    },
    "G8": {
      "proba": 0.0164,
      "convergence_delta": 1.17006,
      "title_words": [
        "倫敦",
        "女子",
        "騎",
        "腳",
        "踏",
        "車",
        "不",
        "慎",
        "擦",
        "撞",
        "麥",
        "拉",
        "倫",
        "超",
        "跑,",
        "塑膠",
        "踏",
        "板",
        "竟",
        "當",
        "場",
        "刺",
        "穿",
        "碳",
        "纖維",
        "車",
        "殼"
      ],
      "scores": [
        -0.295,
        0.047,
        0.018,
        0.046,
        -0.0035,
        -0.0456,
        -0.0958,
        -0.0697,
        0.1597,
        -0.0396,
        -0.0334,
        -0.0464,
        -0.0478,
        0.4252,
        0.153,
        -0.0017,
        -0.0361,
        -0.0708,
        0.6273,
        0.0526,
        0.0889,
        0.0522,
        -0.0032,
        0.0217,
        -0.0003,
        -0.1569,
        0.3752
      ]
    },
    "G9": {
      "proba": 0.0186,
      "convergence_delta": 0.34156,
      "title_words": [
        "倫敦",
        "女子",
        "騎",
        "腳",
        "踏",
        "車",
        "不",
        "慎",
        "擦",
        "撞",
        "麥",
        "拉",
        "倫",
        "超",
        "跑,",
        "塑膠",
        "踏",
        "板",
        "竟",
        "當",
        "場",
        "刺",
        "穿",
        "碳",
        "纖維",
        "車",
        "殼"
      ],
      "scores": [
        -0.045,
        -0.1649,
        -0.1605,
        -0.0762,
        -0.1803,
        -0.1692,
        -0.0038,
        -0.073,
        -0.1466,
        -0.0716,
        -0.138,
        -0.3486,
        -0.306,
        -0.0565,
        -0.1388,
        0.0118,
        -0.2692,
        -0.4856,
        0.1204,
        -0.1298,
        -0.1324,
        -0.1135,
        -0.231,
        0.0077,
        0.0324,
        -0.3862,
        -0.0114
      ]
    }
  },
  "bug4": {
    "rt_zh_b4_cu_normal": {
      "G5": {
        "proba": 0.9995,
        "content_mean_abs_attr": 0.0834,
        "n_content_words": 43
      },
      "G7": {
        "proba": 0.9992,
        "content_mean_abs_attr": 0.0758,
        "n_content_words": 43
      },
      "G8": {
        "proba": 0.9994,
        "content_mean_abs_attr": 0.0206,
        "n_content_words": 43
      },
      "G9": {
        "proba": 0.9996,
        "content_mean_abs_attr": 0.0001,
        "n_content_words": 43
      }
    },
    "rt_zh_b4_cu_empty": {
      "G5": {
        "proba": 0.9996,
        "content_mean_abs_attr": 0.0,
        "n_content_words": 0
      },
      "G7": {
        "proba": 0.9993,
        "content_mean_abs_attr": 0.0,
        "n_content_words": 0
      },
      "G8": {
        "proba": 0.9996,
        "content_mean_abs_attr": 0.0,
        "n_content_words": 0
      },
      "G9": {
        "proba": 0.9993,
        "content_mean_abs_attr": 0.0,
        "n_content_words": 0
      }
    }
  },
  "aggregate": {
    "G5": {
      "沒想到": 0.6027,
      "竟": 0.5889,
      "出100": 0.4768,
      "赫": 0.3401,
      "男子": 0.336,
      "不": 0.2988,
      "驚": 0.2906,
      "有": 0.2698,
      "營收": 0.2629,
      "胃": 0.2401,
      "略": 0.2002,
      "痛": 0.172
    },
    "G7": {
      "居然": 0.9069,
      "竟": 0.6793,
      "沒想到": 0.6725,
      "漲50": 0.2863,
      "萬": 0.1673,
      "股": 0.1355,
      "出100": 0.1232,
      "今日": 0.1201,
      "收": 0.118,
      "營收": 0.1178,
      "公司": 0.114,
      "大學": 0.0809
    },
    "G8": {
      "居然": 0.8981,
      "沒想到": 0.5833,
      "醫,": 0.2454,
      "第三": 0.2231,
      "就": 0.2118,
      "不": 0.1861,
      "公布": 0.1844,
      "公司": 0.1664,
      "赫": 0.138,
      "萬": 0.1168,
      "兩": 0.1099,
      "印度": 0.1056
    },
    "G9": {
      "居然": 0.7674,
      "某": 0.4663,
      "就": 0.4134,
      "漲50": 0.3944,
      "北京": 0.2959,
      "點,": 0.2817,
      "醫,": 0.2363,
      "公司": 0.2249,
      "其": 0.163,
      "出100": 0.1589,
      "額": 0.1148,
      "大學": 0.0655
    }
  },
  "occlusion": {
    "G5": {
      "base_proba": 0.9845,
      "top_delta_tokens": {
        "竟": 0.9798,
        "當": 0.3537,
        "刺": 0.0164,
        "超": 0.016,
        "穿": 0.0088
      }
    },
    "G7": {
      "base_proba": 0.998,
      "top_delta_tokens": {
        "竟": 0.9907,
        "穿": 0.0003,
        "超": 0.0003,
        "塑膠": 0.0001,
        "跑": 0.0001
      }
    },
    "G8": {
      "base_proba": 0.0164,
      "top_delta_tokens": {
        "竟": 0.0073,
        "女子": 0.0048,
        "跑,": 0.0034,
        "當": 0.0018,
        "塑膠": 0.0018
      }
    },
    "G9": {
      "base_proba": 0.0186,
      "top_delta_tokens": {
        "竟": 0.0107,
        "女子": 0.0099,
        "跑,": 0.0091,
        "當": 0.0072,
        "板": 0.0047
      }
    }
  }
}