,precision,recall,f1-score,support
non-clickbait,0.9273858921161826,0.9155145929339478,0.9214120072146355,1953.0
clickbait,0.9024822695035462,0.9160167966406718,0.909199166418577,1667.0
accuracy,0.9157458563535912,0.9157458563535912,0.9157458563535912,0.9157458563535912
macro avg,0.9149340808098644,0.9157656947873098,0.9153055868166062,3620.0
weighted avg,0.9159178426976011,0.9157458563535912,0.9157880277651798,3620.0
