{
  "edge_n": 800,
  "g5_false_positive_rate": 0.405,
  "g7_false_positive_rate": 0.00375,
  "improvement": 0.40125000000000005
}