,precision,recall,f1-score,support
non-clickbait,0.916582406471183,0.9283154121863799,0.9224116001017553,1953.0
clickbait,0.9147381242387332,0.9010197960407919,0.9078271381081898,1667.0
accuracy,0.9157458563535912,0.9157458563535912,0.9157458563535912,0.9157458563535912
macro avg,0.9156602653549581,0.9146676041135859,0.9151193691049726,3620.0
weighted avg,0.9157331195978422,0.9157458563535912,0.9156954956422874,3620.0
